daily_R2,weekly_R2,augmented_R2
0.24657058338173743,0.587242396427079,0.24090331724530079
